block,hospitals_within_circle
block_no :0,4.0
block_no :1,2.0
block_no :2,2.0
block_no :3,3.0
block_no :4,2.0
block_no :5,1.0
block_no :6,5.0
block_no :7,5.0
block_no :8,4.0
block_no :9,4.0
block_no :10,2.0
block_no :11,6.0
block_no :12,3.0
block_no :13,6.0
block_no :14,5.0
block_no :15,6.0
block_no :16,5.0
block_no :17,6.0
block_no :18,1.0
block_no :19,1.0
block_no :20,4.0
block_no :21,3.0
block_no :22,0.0
block_no :23,6.0
block_no :24,5.0
block_no :25,5.0
block_no :26,5.0
block_no :27,5.0
block_no :28,5.0
block_no :29,11.0
block_no :30,5.0
block_no :31,3.0
block_no :32,4.0
block_no :33,0.0
block_no :34,0.0
block_no :35,2.0
block_no :36,0.0
block_no :37,0.0
block_no :38,0.0
block_no :39,0.0
block_no :40,0.0
block_no :41,0.0
block_no :42,84.0
block_no :43,93.0
block_no :44,92.0
block_no :45,82.0
block_no :46,75.0
block_no :47,87.0
block_no :48,83.0
block_no :49,89.0
block_no :50,86.0
block_no :51,74.0
block_no :52,85.0
block_no :53,85.0
block_no :54,84.0
block_no :55,85.0
block_no :56,86.0
block_no :57,82.0
block_no :58,79.0
block_no :59,83.0
block_no :60,63.0
block_no :61,69.0
block_no :62,56.0
block_no :63,44.0
block_no :64,58.0
block_no :65,55.0
block_no :66,61.0
block_no :67,59.0
block_no :68,47.0
block_no :69,50.0
block_no :70,52.0
block_no :71,56.0
block_no :72,38.0
block_no :73,40.0
block_no :74,39.0
block_no :75,59.0
block_no :76,66.0
block_no :77,36.0
block_no :78,56.0
block_no :79,44.0
block_no :80,38.0
block_no :81,50.0
block_no :82,58.0
block_no :83,29.0
block_no :84,32.0
block_no :85,30.0
block_no :86,27.0
block_no :87,21.0
block_no :88,25.0
block_no :89,27.0
block_no :90,22.0
block_no :91,12.0
block_no :92,27.0
block_no :93,23.0
block_no :94,18.0
block_no :95,17.0
block_no :96,21.0
block_no :97,81.0
block_no :98,79.0
block_no :99,79.0
block_no :100,73.0
block_no :101,89.0
block_no :102,21.0
block_no :103,12.0
block_no :104,25.0
block_no :105,17.0
block_no :106,20.0
block_no :107,25.0
block_no :108,63.0
block_no :109,58.0
block_no :110,82.0
block_no :111,79.0
block_no :112,75.0
block_no :113,76.0
block_no :114,75.0
block_no :115,69.0
block_no :116,70.0
block_no :117,70.0
block_no :118,74.0
block_no :119,66.0
block_no :120,72.0
block_no :121,62.0
block_no :122,64.0
block_no :123,42.0
block_no :124,46.0
block_no :125,61.0
block_no :126,71.0
block_no :127,55.0
block_no :128,42.0
block_no :129,49.0
block_no :130,33.0
block_no :131,39.0
block_no :132,30.0
block_no :133,34.0
block_no :134,34.0
block_no :135,42.0
block_no :136,47.0
block_no :137,47.0
block_no :138,49.0
block_no :139,52.0
block_no :140,55.0
block_no :141,50.0
block_no :142,53.0
block_no :143,57.0
block_no :144,56.0
block_no :145,62.0
block_no :146,56.0
block_no :147,59.0
block_no :148,53.0
block_no :149,53.0
block_no :150,54.0
block_no :151,30.0
block_no :152,51.0
block_no :153,42.0
block_no :154,29.0
block_no :155,42.0
block_no :156,24.0
block_no :157,24.0
block_no :158,30.0
block_no :159,23.0
block_no :160,23.0
block_no :161,29.0
block_no :162,22.0
block_no :163,22.0
block_no :164,20.0
block_no :165,21.0
block_no :166,22.0
block_no :167,15.0
block_no :168,16.0
block_no :169,9.0
block_no :170,9.0
block_no :171,7.0
block_no :172,9.0
block_no :173,12.0
block_no :174,9.0
block_no :175,9.0
block_no :176,4.0
block_no :177,4.0
block_no :178,3.0
block_no :179,1.0
block_no :180,7.0
block_no :181,14.0
block_no :182,14.0
block_no :183,3.0
block_no :184,45.0
block_no :185,27.0
block_no :186,27.0
block_no :187,19.0
block_no :188,11.0
block_no :189,11.0
block_no :190,18.0
block_no :191,21.0
block_no :192,27.0
block_no :193,30.0
block_no :194,43.0
block_no :195,21.0
block_no :196,27.0
block_no :197,36.0
block_no :198,14.0
block_no :199,20.0
block_no :200,17.0
block_no :201,18.0
block_no :202,4.0
block_no :203,3.0
block_no :204,4.0
block_no :205,3.0
block_no :206,3.0
block_no :207,2.0
block_no :208,5.0
block_no :209,3.0
block_no :210,3.0
block_no :211,3.0
block_no :212,1.0
block_no :213,2.0
block_no :214,0.0
block_no :215,1.0
block_no :216,2.0
block_no :217,2.0
block_no :218,2.0
block_no :219,2.0
block_no :220,2.0
block_no :221,2.0
block_no :222,17.0
block_no :223,15.0
block_no :224,20.0
block_no :225,10.0
block_no :226,5.0
block_no :227,1.0
block_no :228,2.0
block_no :229,2.0
block_no :230,2.0
block_no :231,1.0
block_no :232,1.0
block_no :233,0.0
block_no :234,0.0
block_no :235,0.0
block_no :236,0.0
block_no :237,1.0
block_no :238,1.0
block_no :239,1.0
block_no :240,1.0
block_no :241,3.0
block_no :242,4.0
block_no :243,3.0
block_no :244,2.0
block_no :245,1.0
block_no :246,1.0
block_no :247,1.0
block_no :248,1.0
block_no :249,1.0
block_no :250,1.0
block_no :251,1.0
block_no :252,1.0
block_no :253,1.0
block_no :254,1.0
block_no :255,1.0
block_no :256,1.0
block_no :257,1.0
block_no :258,1.0
block_no :259,1.0
block_no :260,1.0
block_no :261,1.0
block_no :262,1.0
block_no :263,1.0
block_no :264,1.0
block_no :265,1.0
block_no :266,1.0
block_no :267,1.0
block_no :268,1.0
block_no :269,1.0
block_no :270,1.0
block_no :271,1.0
block_no :272,1.0
block_no :273,2.0
block_no :274,10.0
block_no :275,1.0
block_no :276,19.0
block_no :277,20.0
block_no :278,18.0
block_no :279,8.0
block_no :280,4.0
block_no :281,2.0
block_no :282,0.0
block_no :283,2.0
block_no :284,2.0
block_no :285,2.0
block_no :286,2.0
block_no :287,2.0
block_no :288,2.0
block_no :289,2.0
block_no :290,1.0
block_no :291,0.0
block_no :292,1.0
block_no :293,2.0
block_no :294,0.0
block_no :295,0.0
block_no :296,0.0
block_no :297,0.0
block_no :298,0.0
block_no :299,27.0
block_no :300,15.0
block_no :301,0.0
block_no :302,0.0
block_no :303,0.0
block_no :304,6.0
block_no :305,0.0
block_no :306,1.0
block_no :307,4.0
block_no :308,0.0
block_no :309,0.0
block_no :310,0.0
block_no :311,13.0
block_no :312,12.0
block_no :313,7.0
block_no :314,12.0
block_no :315,12.0
block_no :316,23.0
block_no :317,13.0
block_no :318,12.0
block_no :319,29.0
block_no :320,29.0
block_no :321,24.0
block_no :322,19.0
block_no :323,13.0
block_no :324,12.0
block_no :325,13.0
block_no :326,17.0
block_no :327,17.0
block_no :328,25.0
block_no :329,15.0
block_no :330,14.0
block_no :331,29.0
block_no :332,29.0
block_no :333,29.0
block_no :334,29.0
block_no :335,29.0
block_no :336,29.0
block_no :337,28.0
block_no :338,29.0
block_no :339,29.0
block_no :340,29.0
block_no :341,29.0
block_no :342,29.0
block_no :343,29.0
block_no :344,29.0
block_no :345,29.0
block_no :346,29.0
block_no :347,29.0
block_no :348,29.0
block_no :349,29.0
block_no :350,20.0
block_no :351,20.0
block_no :352,27.0
block_no :353,25.0
block_no :354,26.0
block_no :355,29.0
block_no :356,27.0
block_no :357,29.0
block_no :358,12.0
block_no :359,14.0
block_no :360,2.0
block_no :361,13.0
block_no :362,13.0
block_no :363,6.0
block_no :364,0.0
block_no :365,0.0
block_no :366,0.0
block_no :367,0.0
block_no :368,0.0
block_no :369,0.0
block_no :370,0.0
block_no :371,0.0
block_no :372,1.0
block_no :373,1.0
block_no :374,1.0
block_no :375,0.0
block_no :376,0.0
block_no :377,0.0
block_no :378,0.0
block_no :379,0.0
block_no :380,72.0
block_no :381,77.0
block_no :382,83.0
block_no :383,68.0
block_no :384,69.0
block_no :385,76.0
block_no :386,74.0
block_no :387,73.0
block_no :388,77.0
block_no :389,52.0
block_no :390,68.0
block_no :391,67.0
block_no :392,44.0
block_no :393,44.0
block_no :394,56.0
block_no :395,52.0
block_no :396,54.0
block_no :397,59.0
block_no :398,58.0
block_no :399,66.0
block_no :400,50.0
block_no :401,38.0
block_no :402,37.0
block_no :403,42.0
block_no :404,30.0
block_no :405,31.0
block_no :406,32.0
block_no :407,38.0
block_no :408,37.0
block_no :409,30.0
block_no :410,33.0
block_no :411,33.0
block_no :412,35.0
block_no :413,35.0
block_no :414,25.0
block_no :415,28.0
block_no :416,26.0
block_no :417,28.0
block_no :418,28.0
block_no :419,30.0
block_no :420,31.0
block_no :421,26.0
block_no :422,25.0
block_no :423,27.0
block_no :424,19.0
block_no :425,21.0
block_no :426,22.0
block_no :427,24.0
block_no :428,22.0
block_no :429,22.0
block_no :430,22.0
block_no :431,22.0
block_no :432,25.0
block_no :433,40.0
block_no :434,40.0
block_no :435,49.0
block_no :436,35.0
block_no :437,46.0
block_no :438,54.0
block_no :439,71.0
block_no :440,77.0
block_no :441,79.0
block_no :442,86.0
block_no :443,84.0
block_no :444,84.0
block_no :445,87.0
block_no :446,85.0
block_no :447,87.0
block_no :448,88.0
block_no :449,83.0
block_no :450,85.0
block_no :451,82.0
block_no :452,86.0
block_no :453,81.0
block_no :454,82.0
block_no :455,85.0
block_no :456,85.0
block_no :457,87.0
block_no :458,87.0
block_no :459,84.0
block_no :460,83.0
block_no :461,84.0
block_no :462,84.0
block_no :463,86.0
block_no :464,84.0
block_no :465,85.0
block_no :466,80.0
block_no :467,79.0
block_no :468,69.0
block_no :469,69.0
block_no :470,82.0
block_no :471,83.0
block_no :472,51.0
block_no :473,61.0
block_no :474,60.0
block_no :475,51.0
block_no :476,57.0
block_no :477,58.0
block_no :478,57.0
block_no :479,66.0
block_no :480,57.0
block_no :481,62.0
block_no :482,64.0
block_no :483,70.0
block_no :484,63.0
block_no :485,55.0
block_no :486,58.0
block_no :487,63.0
block_no :488,60.0
block_no :489,54.0
block_no :490,56.0
block_no :491,74.0
block_no :492,60.0
block_no :493,64.0
block_no :494,59.0
block_no :495,60.0
block_no :496,58.0
block_no :497,59.0
block_no :498,64.0
block_no :499,56.0
block_no :500,58.0
block_no :501,56.0
block_no :502,67.0
block_no :503,63.0
block_no :504,19.0
block_no :505,19.0
block_no :506,16.0
block_no :507,17.0
block_no :508,17.0
block_no :509,16.0
block_no :510,17.0
block_no :511,17.0
block_no :512,17.0
block_no :513,17.0
block_no :514,17.0
block_no :515,17.0
block_no :516,13.0
block_no :517,14.0
block_no :518,9.0
block_no :519,10.0
block_no :520,8.0
block_no :521,6.0
block_no :522,5.0
block_no :523,3.0
block_no :524,5.0
block_no :525,3.0
block_no :526,5.0
block_no :527,5.0
block_no :528,4.0
block_no :529,5.0
block_no :530,4.0
block_no :531,5.0
block_no :532,5.0
block_no :533,5.0
block_no :534,3.0
block_no :535,10.0
block_no :536,13.0
block_no :537,10.0
block_no :538,13.0
block_no :539,13.0
block_no :540,4.0
block_no :541,8.0
block_no :542,1.0
block_no :543,17.0
block_no :544,22.0
block_no :545,19.0
block_no :546,12.0
block_no :547,21.0
block_no :548,21.0
block_no :549,10.0
block_no :550,14.0
block_no :551,11.0
block_no :552,6.0
block_no :553,9.0
block_no :554,8.0
block_no :555,10.0
block_no :556,6.0
block_no :557,11.0
block_no :558,8.0
block_no :559,8.0
block_no :560,6.0
block_no :561,10.0
block_no :562,7.0
block_no :563,8.0
block_no :564,6.0
block_no :565,5.0
block_no :566,5.0
block_no :567,6.0
block_no :568,4.0
block_no :569,4.0
block_no :570,5.0
block_no :571,1.0
block_no :572,0.0
block_no :573,6.0
block_no :574,2.0
block_no :575,1.0
block_no :576,46.0
block_no :577,51.0
block_no :578,40.0
block_no :579,49.0
block_no :580,38.0
block_no :581,35.0
block_no :582,34.0
block_no :583,27.0
block_no :584,17.0
block_no :585,28.0
block_no :586,27.0
block_no :587,20.0
block_no :588,13.0
block_no :589,11.0
block_no :590,4.0
block_no :591,0.0
block_no :592,2.0
block_no :593,0.0
block_no :594,2.0
block_no :595,4.0
block_no :596,3.0
block_no :597,4.0
block_no :598,2.0
block_no :599,14.0
block_no :600,6.0
block_no :601,14.0
block_no :602,29.0
block_no :603,20.0
block_no :604,40.0
block_no :605,41.0
block_no :606,38.0
block_no :607,42.0
block_no :608,41.0
block_no :609,48.0
block_no :610,48.0
block_no :611,52.0
block_no :612,46.0
block_no :613,48.0
block_no :614,40.0
block_no :615,46.0
block_no :616,27.0
block_no :617,24.0
block_no :618,37.0
block_no :619,27.0
block_no :620,19.0
block_no :621,19.0
block_no :622,19.0
block_no :623,20.0
block_no :624,19.0
block_no :625,22.0
block_no :626,20.0
block_no :627,21.0
block_no :628,34.0
block_no :629,36.0
block_no :630,24.0
block_no :631,23.0
block_no :632,22.0
block_no :633,19.0
block_no :634,19.0
block_no :635,19.0
block_no :636,19.0
block_no :637,17.0
block_no :638,18.0
block_no :639,18.0
block_no :640,16.0
block_no :641,14.0
block_no :642,14.0
block_no :643,15.0
block_no :644,14.0
block_no :645,11.0
block_no :646,5.0
block_no :647,9.0
block_no :648,18.0
block_no :649,18.0
block_no :650,15.0
block_no :651,20.0
block_no :652,18.0
block_no :653,16.0
block_no :654,8.0
block_no :655,11.0
block_no :656,2.0
block_no :657,3.0
block_no :658,3.0
block_no :659,3.0
block_no :660,3.0
block_no :661,3.0
block_no :662,3.0
block_no :663,3.0
block_no :664,3.0
block_no :665,3.0
block_no :666,4.0
block_no :667,3.0
block_no :668,5.0
block_no :669,5.0
block_no :670,5.0
block_no :671,5.0
block_no :672,3.0
block_no :673,11.0
block_no :674,38.0
block_no :675,11.0
block_no :676,18.0
block_no :677,5.0
block_no :678,5.0
block_no :679,5.0
block_no :680,4.0
block_no :681,3.0
block_no :682,4.0
block_no :683,3.0
block_no :684,4.0
block_no :685,3.0
block_no :686,3.0
block_no :687,3.0
block_no :688,3.0
block_no :689,3.0
block_no :690,3.0
block_no :691,3.0
block_no :692,3.0
block_no :693,3.0
block_no :694,4.0
block_no :695,4.0
block_no :696,4.0
block_no :697,4.0
block_no :698,4.0
block_no :699,3.0
block_no :700,4.0
block_no :701,4.0
block_no :702,4.0
block_no :703,4.0
block_no :704,4.0
block_no :705,4.0
block_no :706,4.0
block_no :707,4.0
block_no :708,4.0
block_no :709,4.0
block_no :710,3.0
block_no :711,3.0
block_no :712,3.0
block_no :713,3.0
block_no :714,3.0
block_no :715,3.0
block_no :716,0.0
block_no :717,5.0
block_no :718,3.0
block_no :719,5.0
block_no :720,5.0
block_no :721,3.0
block_no :722,5.0
block_no :723,5.0
block_no :724,5.0
block_no :725,5.0
block_no :726,5.0
block_no :727,5.0
block_no :728,5.0
block_no :729,5.0
block_no :730,6.0
block_no :731,5.0
block_no :732,4.0
block_no :733,3.0
block_no :734,104.0
block_no :735,99.0
block_no :736,110.0
block_no :737,105.0
block_no :738,102.0
block_no :739,113.0
block_no :740,110.0
block_no :741,108.0
block_no :742,112.0
block_no :743,105.0
block_no :744,105.0
block_no :745,102.0
block_no :746,98.0
block_no :747,99.0
block_no :748,97.0
block_no :749,97.0
block_no :750,98.0
block_no :751,92.0
block_no :752,96.0
block_no :753,93.0
block_no :754,94.0
block_no :755,91.0
block_no :756,96.0
block_no :757,89.0
block_no :758,86.0
block_no :759,96.0
block_no :760,98.0
block_no :761,96.0
block_no :762,85.0
block_no :763,90.0
block_no :764,90.0
block_no :765,102.0
block_no :766,100.0
block_no :767,91.0
block_no :768,114.0
block_no :769,111.0
block_no :770,107.0
block_no :771,115.0
block_no :772,114.0
block_no :773,96.0
block_no :774,91.0
block_no :775,91.0
block_no :776,100.0
block_no :777,106.0
block_no :778,109.0
block_no :779,90.0
block_no :780,88.0
block_no :781,93.0
block_no :782,96.0
block_no :783,94.0
block_no :784,92.0
block_no :785,95.0
block_no :786,85.0
block_no :787,82.0
block_no :788,80.0
block_no :789,79.0
block_no :790,93.0
block_no :791,91.0
block_no :792,88.0
block_no :793,86.0
block_no :794,87.0
block_no :795,87.0
block_no :796,89.0
block_no :797,86.0
block_no :798,89.0
block_no :799,87.0
block_no :800,84.0
block_no :801,74.0
block_no :802,82.0
block_no :803,78.0
block_no :804,83.0
block_no :805,72.0
block_no :806,80.0
block_no :807,77.0
block_no :808,79.0
block_no :809,74.0
block_no :810,70.0
block_no :811,69.0
block_no :812,65.0
block_no :813,63.0
block_no :814,62.0
block_no :815,58.0
block_no :816,68.0
block_no :817,72.0
block_no :818,74.0
block_no :819,72.0
block_no :820,72.0
block_no :821,75.0
block_no :822,79.0
block_no :823,73.0
block_no :824,77.0
block_no :825,71.0
block_no :826,62.0
block_no :827,62.0
block_no :828,63.0
block_no :829,60.0
block_no :830,56.0
block_no :831,49.0
block_no :832,45.0
block_no :833,58.0
block_no :834,52.0
block_no :835,45.0
block_no :836,47.0
block_no :837,38.0
block_no :838,41.0
block_no :839,35.0
block_no :840,16.0
block_no :841,28.0
block_no :842,20.0
block_no :843,23.0
block_no :844,32.0
block_no :845,50.0
block_no :846,41.0
block_no :847,33.0
block_no :848,55.0
block_no :849,55.0
block_no :850,51.0
block_no :851,70.0
block_no :852,62.0
block_no :853,53.0
block_no :854,55.0
block_no :855,55.0
block_no :856,49.0
block_no :857,44.0
block_no :858,49.0
block_no :859,43.0
block_no :860,49.0
block_no :861,43.0
block_no :862,39.0
block_no :863,41.0
block_no :864,42.0
block_no :865,44.0
block_no :866,42.0
block_no :867,47.0
block_no :868,48.0
block_no :869,44.0
block_no :870,44.0
block_no :871,46.0
block_no :872,54.0
block_no :873,55.0
block_no :874,65.0
block_no :875,49.0
block_no :876,43.0
block_no :877,46.0
block_no :878,60.0
block_no :879,44.0
block_no :880,43.0
block_no :881,39.0
block_no :882,38.0
block_no :883,37.0
block_no :884,36.0
block_no :885,40.0
block_no :886,38.0
block_no :887,44.0
block_no :888,30.0
block_no :889,29.0
block_no :890,27.0
block_no :891,26.0
block_no :892,19.0
block_no :893,27.0
block_no :894,19.0
block_no :895,16.0
block_no :896,16.0
block_no :897,16.0
block_no :898,18.0
block_no :899,12.0
block_no :900,16.0
block_no :901,16.0
block_no :902,16.0
block_no :903,18.0
block_no :904,16.0
block_no :905,17.0
block_no :906,18.0
block_no :907,20.0
block_no :908,19.0
block_no :909,19.0
block_no :910,19.0
block_no :911,20.0
block_no :912,18.0
block_no :913,20.0
block_no :914,23.0
block_no :915,24.0
block_no :916,21.0
block_no :917,27.0
block_no :918,35.0
block_no :919,35.0
block_no :920,29.0
block_no :921,35.0
block_no :922,35.0
block_no :923,40.0
block_no :924,39.0
block_no :925,36.0
block_no :926,36.0
block_no :927,34.0
block_no :928,35.0
block_no :929,31.0
block_no :930,35.0
block_no :931,30.0
block_no :932,26.0
block_no :933,26.0
block_no :934,24.0
block_no :935,27.0
block_no :936,17.0
block_no :937,24.0
block_no :938,12.0
block_no :939,14.0
block_no :940,20.0
block_no :941,19.0
block_no :942,21.0
block_no :943,21.0
block_no :944,23.0
block_no :945,19.0
block_no :946,19.0
block_no :947,17.0
block_no :948,19.0
block_no :949,13.0
block_no :950,17.0
block_no :951,17.0
block_no :952,13.0
block_no :953,13.0
block_no :954,12.0
block_no :955,10.0
block_no :956,10.0
block_no :957,13.0
block_no :958,89.0
block_no :959,89.0
block_no :960,79.0
block_no :961,64.0
block_no :962,84.0
block_no :963,62.0
block_no :964,27.0
block_no :965,23.0
block_no :966,23.0
block_no :967,31.0
block_no :968,32.0
block_no :969,36.0
block_no :970,30.0
block_no :971,35.0
block_no :972,32.0
block_no :973,33.0
block_no :974,35.0
block_no :975,34.0
block_no :976,34.0
block_no :977,36.0
block_no :978,35.0
block_no :979,36.0
block_no :980,37.0
block_no :981,35.0
block_no :982,38.0
block_no :983,38.0
block_no :984,34.0
block_no :985,35.0
block_no :986,36.0
block_no :987,37.0
block_no :988,38.0
block_no :989,39.0
block_no :990,39.0
block_no :991,50.0
block_no :992,45.0
block_no :993,47.0
block_no :994,50.0
block_no :995,53.0
block_no :996,51.0
block_no :997,56.0
block_no :998,62.0
block_no :999,56.0
block_no :1000,63.0
block_no :1001,40.0
block_no :1002,52.0
block_no :1003,46.0
block_no :1004,81.0
block_no :1005,59.0
block_no :1006,47.0
block_no :1007,70.0
block_no :1008,87.0
block_no :1009,78.0
block_no :1010,71.0
block_no :1011,61.0
block_no :1012,61.0
block_no :1013,93.0
block_no :1014,79.0
block_no :1015,81.0
block_no :1016,76.0
block_no :1017,47.0
block_no :1018,56.0
block_no :1019,41.0
block_no :1020,38.0
block_no :1021,47.0
block_no :1022,38.0
block_no :1023,37.0
block_no :1024,36.0
block_no :1025,32.0
block_no :1026,33.0
block_no :1027,36.0
block_no :1028,31.0
block_no :1029,32.0
block_no :1030,31.0
block_no :1031,36.0
block_no :1032,30.0
block_no :1033,30.0
block_no :1034,32.0
block_no :1035,37.0
block_no :1036,33.0
block_no :1037,32.0
block_no :1038,37.0
block_no :1039,39.0
block_no :1040,44.0
block_no :1041,42.0
block_no :1042,43.0
block_no :1043,62.0
block_no :1044,50.0
block_no :1045,38.0
block_no :1046,40.0
block_no :1047,41.0
block_no :1048,39.0
block_no :1049,38.0
block_no :1050,39.0
block_no :1051,37.0
block_no :1052,32.0
block_no :1053,38.0
block_no :1054,31.0
block_no :1055,34.0
block_no :1056,33.0
block_no :1057,26.0
block_no :1058,29.0
block_no :1059,29.0
block_no :1060,26.0
block_no :1061,27.0
block_no :1062,24.0
block_no :1063,28.0
block_no :1064,22.0
block_no :1065,18.0
block_no :1066,22.0
block_no :1067,22.0
block_no :1068,23.0
block_no :1069,26.0
block_no :1070,26.0
block_no :1071,32.0
block_no :1072,34.0
block_no :1073,31.0
block_no :1074,22.0
block_no :1075,24.0
block_no :1076,16.0
block_no :1077,21.0
block_no :1078,17.0
block_no :1079,16.0
block_no :1080,16.0
block_no :1081,17.0
block_no :1082,17.0
block_no :1083,17.0
block_no :1084,16.0
block_no :1085,17.0
block_no :1086,16.0
block_no :1087,7.0
block_no :1088,8.0
block_no :1089,9.0
block_no :1090,7.0
block_no :1091,26.0
block_no :1092,22.0
block_no :1093,22.0
block_no :1094,25.0
block_no :1095,21.0
block_no :1096,22.0
block_no :1097,22.0
block_no :1098,23.0
block_no :1099,23.0
block_no :1100,23.0
block_no :1101,23.0
block_no :1102,21.0
block_no :1103,21.0
block_no :1104,25.0
block_no :1105,25.0
block_no :1106,23.0
block_no :1107,22.0
block_no :1108,26.0
block_no :1109,24.0
block_no :1110,28.0
block_no :1111,26.0
block_no :1112,30.0
block_no :1113,29.0
block_no :1114,26.0
block_no :1115,34.0
block_no :1116,34.0
block_no :1117,30.0
block_no :1118,30.0
block_no :1119,27.0
block_no :1120,28.0
block_no :1121,27.0
block_no :1122,23.0
block_no :1123,23.0
block_no :1124,24.0
block_no :1125,25.0
block_no :1126,26.0
block_no :1127,23.0
block_no :1128,24.0
block_no :1129,27.0
block_no :1130,22.0
block_no :1131,22.0
block_no :1132,23.0
block_no :1133,23.0
block_no :1134,22.0
block_no :1135,22.0
block_no :1136,23.0
block_no :1137,21.0
block_no :1138,22.0
block_no :1139,21.0
block_no :1140,24.0
block_no :1141,19.0
block_no :1142,24.0
block_no :1143,21.0
block_no :1144,22.0
block_no :1145,22.0
block_no :1146,24.0
block_no :1147,23.0
block_no :1148,23.0
block_no :1149,20.0
block_no :1150,20.0
block_no :1151,20.0
block_no :1152,20.0
block_no :1153,21.0
block_no :1154,21.0
block_no :1155,21.0
block_no :1156,20.0
block_no :1157,21.0
block_no :1158,21.0
block_no :1159,21.0
block_no :1160,22.0
block_no :1161,28.0
block_no :1162,23.0
block_no :1163,27.0
block_no :1164,30.0
block_no :1165,28.0
block_no :1166,30.0
block_no :1167,30.0
block_no :1168,32.0
block_no :1169,29.0
block_no :1170,25.0
block_no :1171,24.0
block_no :1172,25.0
block_no :1173,24.0
block_no :1174,25.0
block_no :1175,20.0
block_no :1176,21.0
block_no :1177,20.0
block_no :1178,17.0
block_no :1179,19.0
block_no :1180,17.0
block_no :1181,18.0
block_no :1182,17.0
block_no :1183,16.0
block_no :1184,18.0
block_no :1185,17.0
block_no :1186,20.0
block_no :1187,20.0
block_no :1188,21.0
block_no :1189,22.0
block_no :1190,15.0
block_no :1191,14.0
block_no :1192,21.0
block_no :1193,16.0
block_no :1194,16.0
block_no :1195,16.0
block_no :1196,16.0
block_no :1197,16.0
block_no :1198,16.0
block_no :1199,10.0
block_no :1200,7.0
block_no :1201,7.0
block_no :1202,8.0
block_no :1203,11.0
block_no :1204,11.0
block_no :1205,10.0
block_no :1206,10.0
block_no :1207,11.0
block_no :1208,9.0
block_no :1209,8.0
block_no :1210,11.0
block_no :1211,9.0
block_no :1212,9.0
block_no :1213,10.0
block_no :1214,12.0
block_no :1215,14.0
block_no :1216,12.0
block_no :1217,12.0
block_no :1218,10.0
block_no :1219,9.0
block_no :1220,11.0
block_no :1221,10.0
block_no :1222,7.0
block_no :1223,7.0
block_no :1224,11.0
block_no :1225,13.0
block_no :1226,15.0
block_no :1227,16.0
block_no :1228,13.0
block_no :1229,12.0
block_no :1230,15.0
block_no :1231,18.0
block_no :1232,23.0
block_no :1233,21.0
block_no :1234,14.0
block_no :1235,14.0
block_no :1236,17.0
block_no :1237,5.0
block_no :1238,6.0
block_no :1239,15.0
block_no :1240,5.0
block_no :1241,5.0
block_no :1242,5.0
block_no :1243,5.0
block_no :1244,5.0
block_no :1245,5.0
block_no :1246,5.0
block_no :1247,5.0
block_no :1248,1.0
block_no :1249,5.0
block_no :1250,5.0
block_no :1251,2.0
block_no :1252,1.0
block_no :1253,98.0
block_no :1254,94.0
block_no :1255,100.0
block_no :1256,113.0
block_no :1257,90.0
block_no :1258,100.0
block_no :1259,93.0
block_no :1260,96.0
block_no :1261,98.0
block_no :1262,95.0
block_no :1263,95.0
block_no :1264,107.0
block_no :1265,100.0
block_no :1266,107.0
block_no :1267,104.0
block_no :1268,115.0
block_no :1269,109.0
block_no :1270,113.0
block_no :1271,115.0
block_no :1272,121.0
block_no :1273,119.0
block_no :1274,117.0
block_no :1275,114.0
block_no :1276,109.0
block_no :1277,114.0
block_no :1278,115.0
block_no :1279,104.0
block_no :1280,98.0
block_no :1281,109.0
block_no :1282,89.0
block_no :1283,95.0
block_no :1284,98.0
block_no :1285,93.0
block_no :1286,94.0
block_no :1287,90.0
block_no :1288,89.0
block_no :1289,90.0
block_no :1290,99.0
block_no :1291,100.0
block_no :1292,94.0
block_no :1293,99.0
block_no :1294,99.0
block_no :1295,95.0
block_no :1296,98.0
block_no :1297,102.0
block_no :1298,96.0
block_no :1299,95.0
block_no :1300,96.0
block_no :1301,92.0
block_no :1302,85.0
block_no :1303,90.0
block_no :1304,93.0
block_no :1305,93.0
block_no :1306,92.0
block_no :1307,90.0
block_no :1308,87.0
block_no :1309,92.0
block_no :1310,90.0
block_no :1311,91.0
block_no :1312,88.0
block_no :1313,85.0
block_no :1314,81.0
block_no :1315,62.0
block_no :1316,73.0
block_no :1317,67.0
block_no :1318,61.0
block_no :1319,58.0
block_no :1320,55.0
block_no :1321,65.0
block_no :1322,65.0
block_no :1323,39.0
block_no :1324,31.0
block_no :1325,40.0
block_no :1326,44.0
block_no :1327,50.0
block_no :1328,41.0
block_no :1329,46.0
block_no :1330,51.0
block_no :1331,49.0
block_no :1332,50.0
block_no :1333,43.0
block_no :1334,43.0
block_no :1335,29.0
block_no :1336,26.0
block_no :1337,41.0
block_no :1338,25.0
block_no :1339,37.0
block_no :1340,18.0
block_no :1341,25.0
block_no :1342,39.0
block_no :1343,21.0
block_no :1344,31.0
block_no :1345,32.0
block_no :1346,32.0
block_no :1347,31.0
block_no :1348,16.0
block_no :1349,16.0
block_no :1350,16.0
block_no :1351,21.0
block_no :1352,15.0
block_no :1353,12.0
block_no :1354,29.0
block_no :1355,15.0
block_no :1356,20.0
block_no :1357,10.0
block_no :1358,8.0
block_no :1359,10.0
block_no :1360,12.0
block_no :1361,13.0
block_no :1362,13.0
block_no :1363,13.0
block_no :1364,16.0
block_no :1365,16.0
block_no :1366,14.0
block_no :1367,19.0
block_no :1368,17.0
block_no :1369,15.0
block_no :1370,24.0
block_no :1371,21.0
block_no :1372,23.0
block_no :1373,24.0
block_no :1374,30.0
block_no :1375,33.0
block_no :1376,24.0
block_no :1377,26.0
block_no :1378,17.0
block_no :1379,19.0
block_no :1380,21.0
block_no :1381,25.0
block_no :1382,16.0
block_no :1383,25.0
block_no :1384,54.0
block_no :1385,69.0
block_no :1386,76.0
block_no :1387,85.0
block_no :1388,85.0
block_no :1389,81.0
block_no :1390,84.0
block_no :1391,81.0
block_no :1392,81.0
block_no :1393,81.0
block_no :1394,83.0
block_no :1395,79.0
block_no :1396,77.0
block_no :1397,73.0
block_no :1398,74.0
block_no :1399,74.0
block_no :1400,72.0
block_no :1401,80.0
block_no :1402,62.0
block_no :1403,62.0
block_no :1404,58.0
block_no :1405,57.0
block_no :1406,60.0
block_no :1407,61.0
block_no :1408,73.0
block_no :1409,71.0
block_no :1410,75.0
block_no :1411,82.0
block_no :1412,82.0
block_no :1413,77.0
block_no :1414,81.0
block_no :1415,67.0
block_no :1416,73.0
block_no :1417,74.0
block_no :1418,74.0
block_no :1419,56.0
block_no :1420,65.0
block_no :1421,52.0
block_no :1422,51.0
block_no :1423,47.0
block_no :1424,41.0
block_no :1425,66.0
block_no :1426,62.0
block_no :1427,64.0
block_no :1428,74.0
block_no :1429,63.0
block_no :1430,61.0
block_no :1431,63.0
block_no :1432,62.0
block_no :1433,61.0
block_no :1434,35.0
block_no :1435,47.0
block_no :1436,40.0
block_no :1437,42.0
block_no :1438,55.0
block_no :1439,47.0
block_no :1440,42.0
block_no :1441,41.0
block_no :1442,36.0
block_no :1443,41.0
block_no :1444,33.0
block_no :1445,28.0
block_no :1446,11.0
block_no :1447,19.0
block_no :1448,16.0
block_no :1449,21.0
block_no :1450,19.0
block_no :1451,12.0
block_no :1452,4.0
block_no :1453,7.0
block_no :1454,4.0
block_no :1455,7.0
block_no :1456,6.0
block_no :1457,6.0
block_no :1458,4.0
block_no :1459,18.0
block_no :1460,22.0
block_no :1461,29.0
block_no :1462,28.0
block_no :1463,20.0
block_no :1464,19.0
block_no :1465,25.0
block_no :1466,36.0
block_no :1467,42.0
block_no :1468,39.0
block_no :1469,60.0
block_no :1470,50.0
block_no :1471,43.0
block_no :1472,41.0
block_no :1473,54.0
block_no :1474,59.0
block_no :1475,55.0
block_no :1476,50.0
block_no :1477,35.0
block_no :1478,25.0
block_no :1479,35.0
block_no :1480,22.0
block_no :1481,22.0
block_no :1482,15.0
block_no :1483,9.0
block_no :1484,4.0
block_no :1485,5.0
block_no :1486,5.0
block_no :1487,2.0
block_no :1488,5.0
block_no :1489,4.0
block_no :1490,4.0
block_no :1491,4.0
block_no :1492,2.0
block_no :1493,9.0
block_no :1494,3.0
block_no :1495,10.0
block_no :1496,4.0
block_no :1497,12.0
block_no :1498,5.0
block_no :1499,1.0
block_no :1500,2.0
block_no :1501,1.0
block_no :1502,2.0
block_no :1503,2.0
block_no :1504,1.0
block_no :1505,1.0
block_no :1506,2.0
block_no :1507,2.0
block_no :1508,3.0
block_no :1509,1.0
block_no :1510,4.0
block_no :1511,1.0
block_no :1512,1.0
block_no :1513,1.0
block_no :1514,1.0
block_no :1515,1.0
block_no :1516,1.0
block_no :1517,1.0
block_no :1518,1.0
block_no :1519,1.0
block_no :1520,1.0
block_no :1521,6.0
block_no :1522,5.0
block_no :1523,6.0
block_no :1524,16.0
block_no :1525,16.0
block_no :1526,17.0
block_no :1527,12.0
block_no :1528,5.0
block_no :1529,6.0
block_no :1530,6.0
block_no :1531,5.0
block_no :1532,5.0
block_no :1533,5.0
block_no :1534,5.0
block_no :1535,5.0
block_no :1536,5.0
block_no :1537,5.0
block_no :1538,5.0
block_no :1539,5.0
block_no :1540,5.0
block_no :1541,5.0
block_no :1542,1.0
block_no :1543,0.0
block_no :1544,0.0
block_no :1545,1.0
block_no :1546,0.0
block_no :1547,23.0
block_no :1548,18.0
block_no :1549,21.0
block_no :1550,2.0
block_no :1551,2.0
block_no :1552,2.0
block_no :1553,2.0
block_no :1554,2.0
block_no :1555,2.0
block_no :1556,0.0
block_no :1557,0.0
block_no :1558,0.0
block_no :1559,0.0
block_no :1560,2.0
block_no :1561,2.0
block_no :1562,2.0
block_no :1563,4.0
block_no :1564,3.0
block_no :1565,4.0
block_no :1566,2.0
block_no :1567,3.0
block_no :1568,4.0
block_no :1569,2.0
block_no :1570,2.0
block_no :1571,2.0
block_no :1572,2.0
block_no :1573,2.0
block_no :1574,2.0
block_no :1575,2.0
block_no :1576,2.0
block_no :1577,2.0
block_no :1578,2.0
block_no :1579,2.0
block_no :1580,2.0
block_no :1581,2.0
block_no :1582,3.0
block_no :1583,3.0
block_no :1584,3.0
block_no :1585,5.0
block_no :1586,3.0
block_no :1587,1.0
block_no :1588,1.0
block_no :1589,1.0
block_no :1590,2.0
block_no :1591,2.0
block_no :1592,1.0
block_no :1593,1.0
block_no :1594,2.0
block_no :1595,3.0
block_no :1596,3.0
block_no :1597,3.0
block_no :1598,3.0
block_no :1599,3.0
block_no :1600,2.0
block_no :1601,2.0
block_no :1602,2.0
block_no :1603,2.0
block_no :1604,2.0
block_no :1605,2.0
block_no :1606,2.0
block_no :1607,2.0
block_no :1608,2.0
block_no :1609,2.0
block_no :1610,2.0
block_no :1611,2.0
block_no :1612,2.0
block_no :1613,0.0
block_no :1614,2.0
block_no :1615,0.0
block_no :1616,0.0
block_no :1617,0.0
block_no :1618,0.0
block_no :1619,0.0
block_no :1620,0.0
block_no :1621,0.0
block_no :1622,0.0
block_no :1623,0.0
block_no :1624,0.0
block_no :1625,0.0
block_no :1626,0.0
block_no :1627,2.0
block_no :1628,2.0
block_no :1629,2.0
block_no :1630,1.0
block_no :1631,0.0
block_no :1632,0.0
block_no :1633,2.0
block_no :1634,1.0
block_no :1635,2.0
block_no :1636,2.0
block_no :1637,2.0
block_no :1638,0.0
block_no :1639,0.0
block_no :1640,0.0
block_no :1641,0.0
block_no :1642,0.0
block_no :1643,1.0
block_no :1644,0.0
block_no :1645,0.0
block_no :1646,0.0
block_no :1647,0.0
block_no :1648,0.0
block_no :1649,0.0
block_no :1650,0.0
block_no :1651,11.0
block_no :1652,0.0
block_no :1653,16.0
block_no :1654,28.0
block_no :1655,28.0
block_no :1656,29.0
